--
-- PostgreSQL database dump
--

-- Dumped from database version 17.5
-- Dumped by pg_dump version 17.5

-- Started on 2025-06-04 13:12:04

SET statement_timeout = 0;
SET lock_timeout = 0;
SET idle_in_transaction_session_timeout = 0;
SET transaction_timeout = 0;
SET client_encoding = 'SQL_ASCII';
SET standard_conforming_strings = on;
SELECT pg_catalog.set_config('search_path', '', false);
SET check_function_bodies = false;
SET xmloption = content;
SET client_min_messages = warning;
SET row_security = off;

SET default_tablespace = '';

SET default_table_access_method = heap;

--
-- TOC entry 218 (class 1259 OID 16389)
-- Name: employees; Type: TABLE; Schema: public; Owner: postgres
--

CREATE TABLE public.employees (
    id bigint NOT NULL,
    email character varying(255),
    name character varying(255)
);


ALTER TABLE public.employees OWNER TO postgres;

--
-- TOC entry 217 (class 1259 OID 16388)
-- Name: employees_id_seq; Type: SEQUENCE; Schema: public; Owner: postgres
--

ALTER TABLE public.employees ALTER COLUMN id ADD GENERATED BY DEFAULT AS IDENTITY (
    SEQUENCE NAME public.employees_id_seq
    START WITH 1
    INCREMENT BY 1
    NO MINVALUE
    NO MAXVALUE
    CACHE 1
);


--
-- TOC entry 220 (class 1259 OID 16397)
-- Name: question; Type: TABLE; Schema: public; Owner: postgres
--

CREATE TABLE public.question (
    id bigint NOT NULL,
    correct_option character varying(255),
    optiona character varying(255),
    optionb character varying(255),
    optionc character varying(255),
    optiond character varying(255),
    question_text character varying(255),
    test_series_id bigint
);


ALTER TABLE public.question OWNER TO postgres;

--
-- TOC entry 219 (class 1259 OID 16396)
-- Name: question_id_seq; Type: SEQUENCE; Schema: public; Owner: postgres
--

ALTER TABLE public.question ALTER COLUMN id ADD GENERATED BY DEFAULT AS IDENTITY (
    SEQUENCE NAME public.question_id_seq
    START WITH 1
    INCREMENT BY 1
    NO MINVALUE
    NO MAXVALUE
    CACHE 1
);


--
-- TOC entry 224 (class 1259 OID 16416)
-- Name: students; Type: TABLE; Schema: public; Owner: postgres
--

CREATE TABLE public.students (
    id bigint NOT NULL,
    email character varying(255) NOT NULL,
    name character varying(255) NOT NULL,
    password character varying(255) NOT NULL
);


ALTER TABLE public.students OWNER TO postgres;

--
-- TOC entry 223 (class 1259 OID 16415)
-- Name: students_id_seq; Type: SEQUENCE; Schema: public; Owner: postgres
--

ALTER TABLE public.students ALTER COLUMN id ADD GENERATED BY DEFAULT AS IDENTITY (
    SEQUENCE NAME public.students_id_seq
    START WITH 1
    INCREMENT BY 1
    NO MINVALUE
    NO MAXVALUE
    CACHE 1
);


--
-- TOC entry 222 (class 1259 OID 16405)
-- Name: test_series; Type: TABLE; Schema: public; Owner: postgres
--

CREATE TABLE public.test_series (
    id bigint NOT NULL,
    title character varying(255)
);


ALTER TABLE public.test_series OWNER TO postgres;

--
-- TOC entry 221 (class 1259 OID 16404)
-- Name: test_series_id_seq; Type: SEQUENCE; Schema: public; Owner: postgres
--

ALTER TABLE public.test_series ALTER COLUMN id ADD GENERATED BY DEFAULT AS IDENTITY (
    SEQUENCE NAME public.test_series_id_seq
    START WITH 1
    INCREMENT BY 1
    NO MINVALUE
    NO MAXVALUE
    CACHE 1
);


--
-- TOC entry 4813 (class 0 OID 16389)
-- Dependencies: 218
-- Data for Name: employees; Type: TABLE DATA; Schema: public; Owner: postgres
--

COPY public.employees (id, email, name) FROM stdin;
\.


--
-- TOC entry 4815 (class 0 OID 16397)
-- Dependencies: 220
-- Data for Name: question; Type: TABLE DATA; Schema: public; Owner: postgres
--

COPY public.question (id, correct_option, optiona, optionb, optionc, optiond, question_text, test_series_id) FROM stdin;
1	New Delhi	Mumbai	Kolkata	New Delhi	Chennai	What is the capital of India?	3
2	ganga	Yamuna	Ganga	Narmada	Godavari	Which river is considered the holiest in India?	3
3	Jawaharlal Nehru	Mahatma Gandhi	Rajendra Prasad	Jawaharlal Nehru	Sardar Patel	Who was the first Prime Minister of India?	3
4	Tiger	Elephant	Lion	Peacock	Tiger	What is the national animal of India?	3
5	Kerala	Kerala	Punjab	Gujarat	Bihar	Which Indian state is famous for backwaters?	3
6	Diwali	Holi	Diwali	Dussehra	Raksha Bandhan	Which Indian festival is known as the Festival of Lights?	3
7	<class 'list'>	<class 'list'>	<class 'dict'>	<class 'set'>	<class 'tuple'>	What is the output of: print(type([]))?	4
8	def	function	def	define	func	Which of the following is used to define a function in Python?	4
9	Returns the length of an object	Returns the value of a variable	Converts a string to lowercase	Returns the length of an object	Prints output	What does the len() function do?	4
10	map	list	map	tuple	set	Which of the following is not a valid Python data type?	4
11	class	object	define	function	class	Which keyword is used to create a class in Python?	4
12	8	5	6	8	9	What is the output of: print(2 ** 3)?	4
13	4 bytes	2 bytes	4 bytes	8 bytes	Depends on the system	What is the size of an int data type in Java?	5
14	include	static	try	include	switch	Which of the following is not a Java keyword?	5
15	;	:	,	.	;	Which symbol is used to terminate a statement in Java?	5
16	false	true	false	0	null	What is the default value of a boolean variable in Java?	5
17	extends	inherits	extends	implement	instanceof	Which keyword is used to inherit a class in Java?	5
18	ArithmeticException	IOException	NullPointerException	ArithmeticException	IllegalArgumentException	Which exception is thrown when a divided by zero occurs?	5
\.


--
-- TOC entry 4819 (class 0 OID 16416)
-- Dependencies: 224
-- Data for Name: students; Type: TABLE DATA; Schema: public; Owner: postgres
--

COPY public.students (id, email, name, password) FROM stdin;
1	sanjay2715@gmail.com	sanjay maurya	sanjay@123
2	raj@gmail.com	raj	raj
\.


--
-- TOC entry 4817 (class 0 OID 16405)
-- Dependencies: 222
-- Data for Name: test_series; Type: TABLE DATA; Schema: public; Owner: postgres
--

COPY public.test_series (id, title) FROM stdin;
3	General Knowledge Test
4	Python Test
5	Java Test
\.


--
-- TOC entry 4825 (class 0 OID 0)
-- Dependencies: 217
-- Name: employees_id_seq; Type: SEQUENCE SET; Schema: public; Owner: postgres
--

SELECT pg_catalog.setval('public.employees_id_seq', 1, false);


--
-- TOC entry 4826 (class 0 OID 0)
-- Dependencies: 219
-- Name: question_id_seq; Type: SEQUENCE SET; Schema: public; Owner: postgres
--

SELECT pg_catalog.setval('public.question_id_seq', 18, true);


--
-- TOC entry 4827 (class 0 OID 0)
-- Dependencies: 223
-- Name: students_id_seq; Type: SEQUENCE SET; Schema: public; Owner: postgres
--

SELECT pg_catalog.setval('public.students_id_seq', 2, true);


--
-- TOC entry 4828 (class 0 OID 0)
-- Dependencies: 221
-- Name: test_series_id_seq; Type: SEQUENCE SET; Schema: public; Owner: postgres
--

SELECT pg_catalog.setval('public.test_series_id_seq', 5, true);


--
-- TOC entry 4657 (class 2606 OID 16395)
-- Name: employees employees_pkey; Type: CONSTRAINT; Schema: public; Owner: postgres
--

ALTER TABLE ONLY public.employees
    ADD CONSTRAINT employees_pkey PRIMARY KEY (id);


--
-- TOC entry 4659 (class 2606 OID 16403)
-- Name: question question_pkey; Type: CONSTRAINT; Schema: public; Owner: postgres
--

ALTER TABLE ONLY public.question
    ADD CONSTRAINT question_pkey PRIMARY KEY (id);


--
-- TOC entry 4663 (class 2606 OID 16422)
-- Name: students students_pkey; Type: CONSTRAINT; Schema: public; Owner: postgres
--

ALTER TABLE ONLY public.students
    ADD CONSTRAINT students_pkey PRIMARY KEY (id);


--
-- TOC entry 4661 (class 2606 OID 16409)
-- Name: test_series test_series_pkey; Type: CONSTRAINT; Schema: public; Owner: postgres
--

ALTER TABLE ONLY public.test_series
    ADD CONSTRAINT test_series_pkey PRIMARY KEY (id);


--
-- TOC entry 4665 (class 2606 OID 16424)
-- Name: students uke2rndfrsx22acpq2ty1caeuyw; Type: CONSTRAINT; Schema: public; Owner: postgres
--

ALTER TABLE ONLY public.students
    ADD CONSTRAINT uke2rndfrsx22acpq2ty1caeuyw UNIQUE (email);


--
-- TOC entry 4666 (class 2606 OID 16410)
-- Name: question fk63g2uj981l1x9g8w00ivb2b4g; Type: FK CONSTRAINT; Schema: public; Owner: postgres
--

ALTER TABLE ONLY public.question
    ADD CONSTRAINT fk63g2uj981l1x9g8w00ivb2b4g FOREIGN KEY (test_series_id) REFERENCES public.test_series(id);


-- Completed on 2025-06-04 13:12:04

--
-- PostgreSQL database dump complete
--

